PROC NAME,GENDER,AGE AT SURGERY,BMI,CLINICAL SIZE (mm),CHARLSON SCORE,CHARLSON AGE-ADJUST SCORE,SYMPTOMS,SOLITARY KIDNEY,SIDE OF SURGERY,FACE,TUMOR lOCATION,PRE-OP HB,PRE-OP HT,PRE-OP CREAT,PRE-OP EGFR,POLAR LOCATION,EXOPHYTIC RATE,CLINICAL SIZE GROUP,CT,CN,CM,R.E.N.A.L. NEPHRO RISK STRATIFICATION,RADIUS (maximal diameter in cm),EXOPHYTIC/ENDOPHYTIC PROPERTIES,ANTERIOR OR POSTERIOR,ASA SCORE,PARTIAL NEPHRO INDICATION,NO OF LESIONS,ACCESS,Intra_op_complication
0,1,63,26.26,56,2,5,0,1,3,2,3,14.3,41.2,1.2,63.97,2,1,0,2,3,1,2,0,0,3,1,0,1,1,1
0,0,52,26.64,41,6,8,0,2,1,1,3,14,40.9,1.21,51.4,2,0,0,2,3,0,2,0,1,2,2,0,1,2,1
0,0,45,19.69,55,0,1,0,1,3,2,0,14,41,0.85,72.33,2,2,1,2,1,3,3,0,2,3,1,1,1,2,1
0,1,43,29.07,16,0,1,0,1,3,2,1,15.4,45.1,1.08,83.62,1,1,1,1,3,1,1,1,0,3,0,1,1,1,1
0,0,60,19.65,8,4,7,0,1,3,2,3,31.3,10.4,0.64,94.66,0,3,3,1,3,3,2,1,1,3,2,1,1,1,0
0,0,50,24.6,22,1,3,0,1,1,0,0,14.7,42.8,0.66,101,2,1,0,1,1,1,2,0,0,0,0,1,1,2,0
